nams,sqs
NP_635607.1,MLFQNVSIAGLAHIDAPHTLTSKEINERLQPTYDRLGIKTDVLGDVAGIHARRLWDQDVQASDAATQAARKALIDANIGIEKIGLLINTSVSRDYLEPSTASIVSGNLGVSDHCMTFDVANACLAFINGMDIAARMLERGEIDYALVVDGETANLVYEKTLERMTSPDVTEEEFRNELAALTLGCGAAAMVMARSELVPDAPRYKGGVTRSATEWNKLCRGNLDRMVTDTRLLLIEGIKLAQKTFVAAKQVLGWAVEELDQFVIHQVSRPHTAAFVKSFGIDPAKVMTIFGEHGNIGPASVPIVLSKLKELGRLKKGDRIALLGIGSGLNCSMAEVVW
WP_026204600.1_Actinomycetospora_chiangmaiensis,MRAAQRYDDVVITGLAHVDAPHVVTSTELEDRLAGTLGRLRITPGLLEKLSGIVERRVWDDGTMPSEVAARAGEKALAASGIDRDDIGILINTSVSRDHLEPSTASIVHGRMELSPEAGNFDLGNACLGFLNGMNVVATMIGAGEIDHGLVVAGETSRFAMESTIARLAGDDATRKMFHQQFATLTVGSGAVAMVLSRGTSGHRFLGGLGRASTMGNSELCVGQADEMRTDSGGLLAAGMELAGRAWKDAVSAFDWDTDSYDVYCLHQVSKVHTRAVADQLGLDIARFPSQFPRFGNIGPAGVPTVLSKAVEDGTVTDGSRVMLMGVGSGINAAAAEVIW
WP_097326105.1_Actinoplanes_atraurantiacus,MNVGITGIAYALPAREVTTAELQRRVAPKLPPRMFEQATGITRRRVAADDEYASDLAVDAATKVLADTGRDPLDIDLLLFASATRDMAEPATAHVVQAALGSRAHALDVTNACNSFLNGIDLARSMILAGRARNALVVTGETPTRAMRPSLTSFSQARTALAGYTFGDAGAAVLVEPVATGGILDVDAETHSEHWTVGGIFGGGSRHPRGDEHTYFSGDGRRLRAVFEEIGPGLISRVMNRLDHSWDSYAKVLVHQVTLPYLSRFVEVTGVPQDKLVVTVDELGNMASATLGVQLARTYPDLNPGDRVLLVGLGGGVSLMTMVWEVS
WP_086990725.1_Agrococcus_casei,MRGNATTRHSNVALLGITEAVAPVEVSSKSFDDRLADTLKTLRLPKGLLQRVAGVTTRRNWEHPSDYIEGAADAGRRALEEAGVRPDQIGLLINASVSREMLEPSVAVAVHDSIGLSPAAMNFDITNACLGFVNGMTVAASMIDAGQIDYALIIAGEDMSRVQESTVERLRRDGITRDEYLNEFATLTLGSGAAAAVLGRADRHPEGHLIKGGVTRAATWNHGLCIGDYDGMFTDTQGLLDNGMQLISEAWAEAHDNGWEWTTMDHYIPHQISHVHVNALTEATKIDADRVAKTYPELGNVGPASLPITLARKSGEMKQGDRILCLGVGSGLNTAMLEITW
WP_030433686.1_Allokutzneria_albata,MTYSRIGQIAVHLPEGGRTSAEVEALVAELNPGFEPPEGLIERFTGVRYRHIAPEDTQASDLAVAAIEKLFASWGHGIDDVDLLIFAAASTDVIEPATAHIVSDKLGGSCPVFDISNACSSVFNAIEVADALIRTGQYRRVLIACGERVSPGARYRDVATMDDFVHAGASHTVSDAGAALLVEASDEPGIIGHRSIANSSAWSATVVPLVHDKESDTLKVEYLGVKTLDLMKGLDQADITPLLDAVAGFGLTMDDFDVVCIHQAVLAYVEVFCERAGIPYDRTVLTLADHGNVASATLPLQLVKAVESGRLNPGDKVLLVGLASGLSLGVMAMQW
WP_084558798.1_Anaerocolumna_xylanovorans,MVKTMNYIAKLVGVGQALPERVVTSEEMEAMMGFDQLGIRKGMAKILSGVSERRFASDEINSSDLAVEAAKEAMEMAGKKAEDIDLVIFSALTQDVAEPATANIIMDKLNIRNAKSFDIKNACNAFVCAIEIANMYIKCNDVKNVLIASGEVLSRFVKMDLLKDPAKLKDVNSTFSVGDGGGAIVLERQESEEDFGIITAFRTFPDTWSDGVLWGGGTIYPHDPDKFYFQNESEELMKINFKRAMKFFEEQMEKMKIVREEIDLFIPTQITKYIIIKSSEVLKLPDDRVVSQIGTLGNMSTASIPVALSRAVNSGQLKIGTGQKVVLLGVANGFNVGLVYMSI
WP_090596165.1_Auraticoccus_monumenti,MASTATTSLRNAYRLQDTVILSATAVEAPERVTSAWIDEQLSETYSRLSMTPGKFEELAGVVARRWWPSGVSFIDGAAEAGAKALAEAGVEPGQVGLLINTSVSKDHLEPSAAVQVHDAIGLPATCLNFDISNACLGFINGMQVAGTMIDAGQIDYALIVNSENIRGLQEKAIARLQRPETTVAEVREQFATLTLGCGATAMVLGRGDQSSGGHRLLGGTHKSATHHHDLCVGDLSFMRTDTRGLFEAGLALALETFEDSAEEFGWHEVDHLVSHQTSLVHIAALCARLGLDQAKFPLSLPEFGNMGPAAAPFTLATSQDRFEPGDRVMMLGIGSGLNTSFADILW
WP_095301808.1_Bacillus_sp._7586-K,MKRNIKITGIGSYLPKRIVDGAEIDKIIGAKNGWSEKKSGVKQRYFVTDETASYMGAEAAKKAIADAGIELNELDCIVSGSGTMEQAIPCNASLIQEQLGLQHSGIPAFDINSTCLSFLTALDMISYAMESGRFNHVLIVSSEIASVGLNWSQNESSILFGDGAVAYVFSKTTETDSSHIIASRMETYSAGAHLSEIRGGGTKIHPRNYAEDTKEDFLFDMDGTAIFKLSYKLLPTFIEKLFKNTNLTMDDIKMIVPHQASASAMKIIRKKLSVNEERFMTIIENYGNMIAASIPMALYEAIKQGRVKRGDKVFLLGTSAGLSIGGILFEY
WP_021267235.1_Bacteriovorax_sp._BAL6_X,MKYNNVVIEDYAYIEPPEILTSDKLEELLGPIYTRLKLPHGRLELMTGIKSRGFWPNSTRPSSIATEAGNKLLDKLSKKGIKKGDINLLINSSVCRDFLEPSTASVIHANLEMPSECMLFDISNACLGMVSAWEIVANMIETGAIKRAIILSGENSAPLLDNTIKTLNEDQSITRKSVKKYFANLTIGSAGVAYCLSHKDEAPNAPRITSITNRSDSKANKLCQGDGNPESLVMETDSEELLKYGKALAKKTFDDSGLNPKEIDIVIGHQVGKAHKEVVLGKLGLNKHDTFDTFDTLGNTGSAALPITLAKMNDVKGIEKGKKIALVGIGSGLSCSVLGVTW
WP_073399371.1_Bacteroides_luti,MAFLSVNNVEIVGLAAAVPKNVETLDNLEFFAPGEAEKVMALTGIKERRIAPREMVCSDYCTIAAEKLMDELKWDKESIDTLVYVSVSRDYIEPNTATVIQGKLGLKSECITFDIPMACSGYCYGLSIVASLLSSGCIKRALLLVGDTPSKIISPLDKTLWPIHGDAGTATALEYNISAKPMYFNLMSDGTQFNAIIAPSSGVREPITIDSLKIIELEPGIARNKTHVAMDGMAVFSFTITSVPKCIKSLCEHFNLDIQDLDYLLLHQANKYIDEKIRKKLKVSEDKVPYCLEYFGNTSSGTIPMTMVTQIREKLSNSQNRMVLCGFGAGLSWASVYIETKDIKVLPLIEY
WP_096166078.1_Brachybacterium_alimentarium,MANGNGNTGFVHRNASLLSVEMTLPQVTVTSDEIDEMLSPARKRLRLPKGVLQRVAGVYERRWWRDPQNGWKQGVVLAAERAMAKAGIMRDQVGLLINASVSRQHLEPAVSTGIHHSLGMPSSCMNFDITNACLGFVNAMTMAAGMIDAGQIQYALIVGAEDVEQVQRGTIDRLNAKNSTRADFNNQFASLTLGSGAAAAVIGPTDKHPEGHRLKHTQSRAGTEHHELCVADMQDMRTDSAGLLENGIQLILDTWKGANEDGLDFKSIHHVIPHQVSMVYTRNFSKITGVGMERIPVTFPDWGNVAAEAVPMTLASIQDDVKRGERVLLMGVGSGLNTAMMEVEW
WP_068712879.1_Cephaloticoccus_capnophilus,MKFSQTYIESLAAALPDEILTSAEIERRLAPLYERLHLPEGRLELMTGIRERRLWPAGTRASDASARAGRAALAKSCIRPEQIELYIHAAVCRDMLEPATAAFAHRKIGLSPNCQIFDLSNACLGFLNALTLAASMIEAGQIRAALITCGEDSRPLVEQTLRTLNAEPLTRNGIKPYFANLTVGSGAVGAVVCHESLVVPEGLGSGGAAGESSRAHRLIGGVVRAATAHSELCQGETHGADSLAMQTDSEALLIAGVTLAHETWGQFCEETGWDAATPSRFICHQVGSIHRRKLYDTLGIDLAKDFSTFEFLGNTGSVALPATLALAVEKGVVRSGDKVALLGIGSGLNSLMLAVEW
WP_088206054.1_Chlamydiales_bacterium_SCGC_AG-110-P3,MEFSNVSVLSAAHIDAPHIVSSQKIESELEPMLTRLGLRPNIISELTGITARRFWDEKTAPSDVATCAAERVLEKAELDRSKIGVIINTSVCKDYIEPSVASLVHGNLKLSSHCINFDIGNACLAFVDAIGIVGNMIERGQVDYALIVDGEGSRFITEETIKRLLDPNCSELEFRSNFASLTLGSGAVAMILCNSKFVDGQHRVISSVTQAATEYNRLCTGQVDKMQTNANTLFKKGLELAHQTMQLAIDKMGWFQKDFAQYIIHQVSENHTSQVAKLFNLDLDKVYKIYRDFGNIGPASIPIAFSKALDEGCIKEGDRVGVMGIGSGINVTMMEILW
WP_099839552.1_Clostridium_combesii,MRSRIKGVGRYLPNRIVTSEEAEELAGFKKLGVRKGLCKMLTGCEERRYSDTNEYSSHIAAKAAIDAMKKAGVSSDEVDALIFCSVSQDFAEPATANVVMDLLNIKNAFGFDVKNACNAFLTGIDIADSLIKTGKADIVLVVSGEALSKWINFKFESKEELIRRAPVTLSIGDGGGAFIMGREEDDNKGIVKGIFRTYAEYWNNNVVWGGGVRFPRDSDKMYIPGTTKVIIDEQRNLGKNLLPILEREVGWNFQKDVDCYIPTQVAKWINKSMSNELSFPIEKIIQVVDKFGNVGASNIPIATYEAIMDGRLKTGSKTLMSGVGVGINIATIAVIL
WP_020589018.1_Desulfobacter_curvatus,MKYDKVFIESFGYELAPHIVTSQEIDEKLAPFFEAVGFVPGQLEALTGIRERRYWDEDHTIAEHAAVAGKRALDEAGISPKELGALCFCGVCQDGFEPATSCAVADMIGVGPRAHVYDVKSACLGMITGMVHVANEIQLGHIKAGLVVSCESARQIVDATIEEINTHKSIDFYREAVATMTGGSGAAAILLTDGTLGKPSTQRHAVKGGVVNNAIRHWNLCSWGFEDKGMPTDSRVIMRTNAQKVLDHGVELVVETYEMFRKEFNLSADQPDKIVGHQVGEGHHNRFYTAMNIDRKKDFSTFPFLGNVGSVSLPISAAIADERGFFVPGDFVVFVGVGSGLNCYFLGVEW
WP_051554118.1_Desulfobulbus_elongatus,MNLRYSRVCLHEFGYQLPPVELSSTTIEERLGPLYERLKLPAGRLELMTGIAARRLWQPGTRPSAGAAAAGAAAIARAGIDVAELECLLFTSVSRDMMEPATAAFVHRALGLPPDCLLFDISNACLGFLDGMVMLANMLEMGQVRAGLVVAGETAENLIDSTLAHLLADTTLTRKTIKPLFASLTIGSGAVALVMSRSDCRDTGHYLRGGACRANTAHNDLCQGGQNAEQGTLMSTDSEQLLEKGIETAAACWRSFQTALGWDKGAIDRFFCHQVGKAHAQMLFETLQLDPARNFETLPTLGNVGSVSAPITMALGIEQGALVPGQRAAILGIGSGINALMLGIDW
WP_088919872.1_Granulosicoccus_antarcticus,MKGCAVSNNFQYQFNDVAIVSIEACDAPVVVTSAAIDEALAPFLERVGAETGLLQKLAGIEERRQWPDDISFIEASALAGEKAIAASGIDPSRIGMISNTSVCRDRLEPSSAVSVHDRLGLSPHCINFDLSNACLGFVNAMHLAGTLIESGQIEYALIVDGEGTREIQQNTINRLLDEHSSMADLFSNFASLTLGSGSAAMILGRHSTNPGSHRLGRGEFRAATEHHDLCVGSLESMRTDTRALLEAGTQLGKICWDQADSDDWGDMDRYIIHQVSRVHTAAMVEILGIDHKRVPLTFPKYGNIGPAAVPFTLAKEAETLNEGDRVLLVGVGSGLNAAFLEITW
WP_026862459.1_Intrasporangiaceae_bacterium_URHB0013,MSGNATYRHTQAAVLSICAVDAPVVVTSDEMDQRLLTTYQRVGLKPGMLARLAGIHERRWWPEGVSFTEGAAIAGGKALAEAGVDPSRVGLMVNTSVSREHLEPSMAVQIHHALGMPTSCLNFDLANACLGFVNGMQLAATMIDSGQIDYALIVDGESSRHTQEVTLDRLSSPDATVDDVLSQFATLTLGSGAAAMVLGRADLHPQGHRIVGGVARAGTEHHDLCVGDLEWMRTDTRGLLEAGIALSRAAWQDARAEFDWSDMDRYIAHQISQVHVRAMCDALDIPPERLPLTFPTRGNMGPASVAFTLAMEADSLAAGDRVLMMGVGSGLNVSCLEIAW
WP_013837355.1_Isoptericola_variabilis,MDGNATTRFSNVSLLAVTRRLPSRVTTSAEIQGLLAPALRRLRVPGRLLERVAGVHARRSWGPDEDCDAATVAAAQEALDRAGVAPDDVGLLVNTSVTRKHLEPSVAVALHHGLGLPSSAVNFDVANACLGFINGMSIAAGMIESGQIRYALVVDGEDADEVRATTVERLLRDGVGREDFMQEFATLTLGSGSATAVLGRADEHPEGHRLLGGVTRAATRFHDLCVGSAKGMFTDARALLDGGLELVVDAWKEAVSEWDWASMDRYVTHQVSRVHTDAIVEAVGLDRSKVPTTFPRLGNVGPASVPITLAEEAETLRRGDRVLLMGVGSGINTAMMELAW
WP_076585679.1_Luteimonas_tolerans,MLFKNVAIAGLAHVDAPHSLTSDEINLRLKPTLDRLGIRVDVLKDIAGIHARRLWGSDKLASDAATEAGILALKDAGIQSGQLGLLVSTSVSRDYLEPSTASIVAGNLQVGDTCQNYDVANACLAFINGMDMAARMIERGEIDYALVVDGETADLAYEKTIERMLRPDSTEDEFRNELATLTLGSGAAGMVLARAELHPEAPRYKGGVTRSATEWNTLCRGNLDRMVTDTKQLLVQGMNLAGKTFVAAKQAMGWAVHELDQFVVHQVSKVHTQTLIQKFGIDPKKVMTIFGEHGNIGPASVPIVLSKLKQAGRLKKGDRIALLGIGSGLNCTMSEVVW
WP_076469753.1_Micromonospora_avicenniae,MVHTRTADASPATRVGITAAAAALPERVVTSAELQEQVERESGITLPPRLFSRMTGIDTRRVAGPEEHASTLAVRAARAVLGSAAADPDDVDLLIFASASRDMAEPATAHIVQADLGTRAHVFDLTNACNSFLNGIDTARAFILAGRARRVLVVTGETPTRSMRMRASSAAQVRSAFAGYTFGDAGAAVLVEQVPTGGILDVQTATFSEHWTAGGIDGGGSRHPRGDEHTYFHGDGGKLRSIFERIGLDVLRAVHHRTGLDWSDYEKVLVHQVTLPYLTRFMELARVPEEKLIVTVPELGNVASATIGVQLARINEKLASGSRVFCLGLGGGVSITTMVWEKS
WP_040156198.1_Mobilicoccus_massiliensis,MSENASYRLANCSILSVSTVEAPEVVTSDHLDELLQPAYDTTGMMAGQIERLAGVRERRWFPKDADYTRGAVEAGRQAIADARIDADRIGLIVNASVTRPHLEPGISAMVHAELELPRSCIAFDVTNACLGVVNSLQIAGTMIDAGQIEYALIVASEGARQMQEASIARLVDGGSRQDVKDAFATMTLGSGAVGIVLGRSDRHPEGHQIIGGITRAGTEHHELCIGGMDGMRTDASKLFVEGLSLATDAWAEAKGEWDWEEMDWYVAHQTSTAHIACLCDTLKLPAEKFPVTVDTYGNIGPVALPFTLGMYQHKMRKGDRVLLMGIGSGLNTSMTEVRW
WP_082133371.1_Mycolicibacterium_obuense,MTLPTLYFSRPATVLPDTAMDNDEVLALVRKEFSGPAEEWIGVEQTIRYVFDRCNTKTRYLDQSTTLMPAEFATQAAQACLERTGVSATDLDLVVYGGIARGNFEPATAAEVAGLLGARPLHAVDVTCACAGLIEAMHTVAGYFALHPEMKTALVCAGELTRDRIAYDMGSLQDVAVFAAGLTLGNAAAAMVVSREPLPGGSARLEGIFHKTLCEHYDLCKTPIDGHFTSKSKELFALSVHVPPAIREMLGELGWSSEEIDHYALHQPSEAVLERVFTELGARPQACVHTHSLFGNTASTAWALALEYRLEHGTVEPGDKIVMASAAAGFTIVGAAAVWEG
WP_063765283.1_Nonomuraea_candida,MSAPRYSQVSAVAVRLPDEDLTTPELEELLAERNPRVDVPRGLIERLSGVRRRHVAPPGVLPSDLAVAAARDVLRQTGHAPPAIDLIIYAGVSADAVEPATGHMVAAKLGADCPVFDVRNACNSVLNAIEVADLFITSGRHRTVLIACGEVITAAMPWRLASEEEFTTAVPSYTVSDSGSALLLQAADAPGVLGHRFCANSADWEVSAMPFVRDGAGALRVGAFTIDSVGLAIGVQKLDREIWRRPLAEHGLDWDDMAAICVHQPSLAALGAVCELAGIPRDKAEVTIADHGNLAASTIPMQLHLATEAGRVRRGDLVALVGVASGISAGTVLLRW
WP_090922125.1_Paenibacillus_polysaccharolyticus,MQLRRVRIAGTGKYLPQMKVTDEELDERLHVPAGWVSKATGVGYRYYASDEETSSYMGARAAEAALADAGLSFGEIDCLVCTSGTKEQPLPSTAVFIQQAMGQEESGVPAFDMDATCLSFLNGLDVISYMVDAGRYQRVLLVATEIASAGLNWKDPESAALFGDGAAAVIIERASEESGSQIVHASLRTYSRGARFSEIAGGGTRHHAAQYDVAHPDPFLFHMDGQAIFRMASKLLPGFMNEMLQASGDRMEDFSLVIPHQGSAMAMRLIRKKLGIPAERFMDITQGHGNTIAASIPMGLHEAIRQQRIERGDRVLMIGTAAGLSLGGLIFDY
WP_028865527.1_Psychromonas_aquimarina,MKYSRVFINSLAYELAPHAVSSSELESRLAPLYQKLRIPMGQLAALTGIQERRWWPSDHRLSDGAIEAAKKTIDETGVNINDVGAVVYTGVCRDQHEPATACRIAAELGVNNSTAIYDISNACLGVLSGMLDIANRIELGQIKAGLVVSCESARHIVDITIDNMLENQTIQNFSQSLATLTGGSGAVAVLLTDGSLPLKNSRQHKLLGASHLSAPEHNDLCKWGLQEVGLKLHREFMRTNAVPLLKEGVALALDTWKHFLSQRNWVNEQVDKVICHQVGSANQKQVLAALNIPAHKEFPTFQKLGNMGTVSLPVTAAMAHDQGFLKKGDNVSFLGIGSGLNCMMLGLEW
WP_015101236.1_Saccharothrix_espanaensis,MGTQLAGVAVHLPEQQVSTTEVERRLAPFTPPAGLIHRLTGVESRHVMGEHEQASDLAVAAARKLLAETGTAAADVDLLLFASASQDMVEPATAHIVAAKLELRCPVMDVKNACNSVLNGIEVADALIASGRYRTVLVASGEAPSRAVRWQVGGLAEFLRAFPGYTLSDAGAALLLTRGEEGVLGCGFTADSSRWDVGTLPGGGSRYPRDPERTYFDMDGARLKDAFLGLGRGVLDSTLDRLGLTWDDFAVIGVHQVSLPYLDMFARQVGVPTDRLVITLPQHGNVASASLPLQLVTARQLGRCGPGDLVALVGLAGGVSLGLVVIRL
WP_092493676.1_Virgibacillus_salinus,MNVGLLGTGHYVPTNVVTNKDMEKIVDTNDEWIRTRTGIEERRIASDDINTSDMAFFAAQEALKESNVKAEDIDLILVATVTPDTPFPSVSCMIQDRLGARKAAAMDISAACSGFMYGVVTAKQFIETNAYKNILVVGAEKLSKITDWSDRNTCVLFGDGAGAAVVGPVSEGKGILSFELGADGSGGKELYQNDEDHLMMNGREVFKFAVRQMPDSSVNVVEQAGYNKEDVDYLVPHQANIRIMEAAREKLGISEEKMATSIKRYGNNSSASIPIALSEGVKSGKIKDDDLVVLVGFGGGLTWGAIALRWGK
WP_044441590.1_Agreia_bicolorata,MDGNATTTHRNVALLSVATTMATRITTSAEIDRRLAPSLKRLKLPTGLLQRVAGVHERRNWGEGQTFDDAAIEAGKKALAEAGIRPDQVGLLINTSVTRKHLEPSVAVRIHHGLGLPSSATNFDIANACLGFVNGMALAGQLIDAGQIDYAVIIDGEDADEIQVNTIERLGREGIKRKDFMSEFASLTLGSGAAAAVIGRADLHPEGHRMLGGITRAATQFNDLCVGSVDGMFTDAKALLKGGMELVVSAWKDAKRQWSWSHMDRYIMHQVSSVHTNAIVKAANLDATRVPVTFPLLGNVGPASIPITLAQEASKLVRGNRVLLMGVGSGLNTSMMEIAW
WP_003805730.1_Arthrobacter_globiformis,MQDGNEQGLDLAGNATFRHSNTALLSVSSVEAPRIVSSTDFDRRLASTLQRLKFPPRLLERVAGITHRRWWAAGTSFDDAAVEAGAKALAEAGVEASDIGLLINTSVTRRNLEPSVAVKIHHGLSLPSSAMNFDLANACLGFVNGMTLAANMIDSGQIKYAMIVNGEDAQATQEATLARLQRPETTREDFNREFATLTLGSGAAAAVLGPADQHPGAHRILGGVMRAGTEHHELCVGGIDGMATDTKGLLDGGLRLVVDAWNEAQPEWDWASMDRYITHQVSTAYTQAIIGAIDLDPDRVPITFPHWGNVGPASLPMTLAAEAQTLGTGDRVLCMGVGSGLNTAMVEIVW
WP_005885358.1_Brevibacterium_mcbrellneri,MLRCAHWHAPALLTANLLDARIERTLLNGRTPGNTTFRHNNAALLGIAETTAPNPVSSGSFDEKLASTLKRLHLPQGLIRRVAGVDYRRNWDNPHDFIAGAVNAGKQALERAQVDADQIGVMINTSVTRETLEPSVAVSIHHGIGLPTSAMNFDIANACLGFVNGMTVVSTMIDSGQIDYGLVVAGEDATRVQQATLNRLSQDDITRAEYLNEFASLTLGCGAAAAVLGPADRHPEGHRILGGVTRAGTWNHELCVGDHNGMFTDATGLLTNGMELVINAWNEAHEDGWDWNDMTMYVTHQVSKIHTNEMAKTASLDLDRMPVTFPELGNVGPASLPITLARNADSLKSGDRILAMGVGSGLNTAMTEIVW
WP_034630949.1_Cellulomonas_cellasea,MSGNATSRHRNAALLALASTTPDRVTTSADIDRRLAPALKRLRLPRGLLQRVAGVHERRNWADGQTFDGAAIAAAEKALAESGIDRREVGLLVNTSVTRKHLEPSVAVRIHHGLGLPSSAVNFDIANACLGFVNGMNLAAQLIDAGQIKYAVVVAGEDADDIQNNTIERLIGDDITRADFMQEFASLTLGSGAAAAVVGPADAHPEGHRILGGVTRAATQFHDVCVGSVEGMYTDTRALLEGGMELVLAAWTEARHEWDWAAMDRYILHQVSDVHTKAIVKAAGLDRSRIPTTYGRYGNVGPASIPITLAHEASSLEPGDRLLLMGVGSGLNTAMMEIAW
WP_015490789.1_Clavibacter_michiganensis,MLLNGNATFRHRNTSLLGLASVLAPHTVTSVEIDDRLKPVLSRLRLPTGLLQRVAGVLERRNWDTSMSFDAAATEAGRTALAQAGVQPSQIGLLINTSVTRAHLEPSVAVSIHNGLGLPSSALNFDIANACLGFVNAMTLAGHLIDSGQIDYAMIVDGEDAGEIRHNTVARLLRPETTRADFLSEFPSLTLGAGAAAAVLGRTSDHPEGHRILGGVTRAATQHHELCIGDVDGMFTDTKELLRGGMELVVDAWKEAAQDDWEWSDMDRYILHQVSDVHTNAIVKAAKLDKSRVPLTYPRYGNVGPASIPITLADQADSLSRGDRVLCMGVGSGLNTAMTEILW
WP_028327376.1_Dermatophilus_congolensis,MSGNASYHLSNCSILAVTTVEAPEIVTSAELDTALAPAYTETRTVAGQLERLAGVKQRRWFPADEDFTDGAVEAGRRALHTAGISPEQVGLVINASVTRPHLEPGISAKVHAELGLPRNCMDFDVTNACLGVVNGMQIAGTMIDAGQIRYGLIVASESSRQMQEATIKRLNAGGATKSDVKQAFATMTLGSGAVAILIGPTDAHPEGHRLLGGITRAGTEHHRLCVGSMDGMRTEASKLFREGIDLALDAYTESAEDGWDWKDMDWYVAHQTSTAHIATLAQRLGKPLEKFPTTISEYGNIGPAAMPYTLGTFQDQFATGDRLLLMGIGSGLNASFVEVQW
WP_012948569.1_Geodermatophilus_obscurus,MSGNATHRFGNTAVLALQTTDATRVVTSDALDDALADTYRRVGLRPGLLERLAGIRERRWWGEGVTFVDGAAEAGAKAISESGVDPAGIGVMINTSVSRRWLEPSTAVAVHHALGLPRSCQNFDVTNACLGFVNGMELAAAMIDAGLVEHALVVNGEDAQPVQERTLDRLNQPGTGSKDVIAQFATLTLGSGAAAMVLGRADRHPEGHRLVASVSRAGTEHHELCVGDNDLMRTDLKGLLDAGLALSEDMWADAAAEVDWAGGMSRYIVHQVSKVHTQAMCDRFSIDPALVPTTFPTRGNLGPASVPYTLAGEQDSLVDGDRVLLMGIGSGLNVSCLELAW
WP_006592558.1_Kineosphaera_limosa,MSENATYRLANTTILSVSALEAPQVVSSAELDESLAPAYARHGVKAGQIERLAGVVQRRWYPPEADYTDGAVDVGRAAMADAGVEAGEIGLVINASVTRPYLEPGISARVHHELGLPRRAIAFDLTNACLGVANAMHVAGTMIDAGQIDNALIVASEGSRQMQESSIKYLLSDDSTREDVKEAFATMTLGSGAVGLVLGRSDARPDGHRVIGGVTRAGSEHHTLCVGGMDGMRTDSSRLFREGLTLATEAWKDARGDFDWDDMDWYVAHQTSTIHIEALCKTLGLPQERFPMTLPTYGNIGPVAMPYTLAFHQDNIERGQRVLLMGIGSGLNTSMTEVAW
WP_012802190.1_Kytococcus_sedentarius,MPGNATFRHSNTSVLSVTALPAPEVHTSAEFDARIMDTLRRNKLVPGVLSRLVGIKERRWWPEDVHFTEAAAEAGRRALVDAGIKPEQVGLMVNTSVSRDHLEPSTAVRIHDTLGLPRSASNFDVTNACLGFVNGMQIAAAMIDSGQIEYALIVNAETTRHTHETTLKRLESEDATADDVLQQLATLTLGSGAAAMVLGRTDKHPEGHRFVGGVSRAGTEHHELCVGDFDRMTTDSVGLQEAGIALSEELWAEAAEEFDWQHLDRYVIHQVSTVHTEQICDRLGLDGAKVPRTFPTYGNMGPAAVPFTLALEAPHLERGDRVLLMGIGSGLNACCAEIEW
WP_058441655.1_Legionella_brunensis,MRYQRVFINKIAYELPKEKVATSFLEEQLTDVYQELGIPLGQVEALTKIHQRRYWPVDHQLSDHAALAAKKAIKESGINSKKIQVLIYAGVGRAQLEPATACAVAHQLAIASDASVYDVSNACLGVLNGIIQIANAIELGQIHAGLVVSAESCREIIDTMVAEMKIQRNIEHFALSLATLTGGSGAVAVLLSDNALDSSHQLLGAVARQKSQWHQLCRWGSKTGILGNACNIMHTDSVSVLKYGVELGVETYKDFLQELLWQDSFPDKYICHQVGEANQLAIRRALNIPKERDFTTYETLANTGTVALPMTAAIADQVGFLKTGDKVAFLGIGSGLNCMMLGIKW
WP_013865923.1_Microlunatus_phosphovorus,MSGNATYRLSNTTILAACAVEAPIVATSAAFDERLAETYRRVGTRPGLLVRLAGVQERRWWPEDVTFADAAAMAGAKALAEAGIRPEQVGVVINTSVCRSHLEPSVAVAVHHQLGLPTNCLNFDVANACLGFVNAIQLAGTLIDSGQLDYALIVDAEGSRQIHELTLDRLSSPTATAAEFKEQFASLTIGSGSAAFVLGRADRHPEGHRVIGGASRTGSEHHDLCVGSLDMMRTDSKKLFDHGIALAVATWEDAKDEFDWDGAVDWFIAHQTSTVHLRAMAKAVGVSSAHFPTTVEKYGNMGPAAVPFTLAHHADRMRAGDRIVLIGIGSGLNTSFAEIVW
WP_091632192.1_Micromonospora_peucetia,MTHGNAEYRYTNTAILSVAALEAPVIVTSDQFDEQLSETFRRLRLRRGMLQRIAGIQERRWWPEGFGFADAAAMAGAKALSEAGVDARDVGLLINTSVSRAHLEPSTAVAIHHSLELPPSALNFDIANACLGFVNGIQVAANMIDAGQIRYALIVAGESSREAQQATIERLRSFDSTLDDVREQFATLTLGSGAAAMVLATADAHKQGHRLVGGVGRAATQHHDLCVGDNTRMRTDAKGLLDAGLDLAEATWAHAGSWDWQNMDLYVMHQVSVAHTHGVVNRLGLDTRKVPETFPLLGNVGPASLPLTLAHHAESLNSGDRVLCMGVGSGLNTCALEVVW
WP_015749354.1_Nakamurella_multipartita,MTGNSDFRFHDVAILSLDAGPAPLVVTSADVDRRLAPFYARTRSMSGLVTSLAGDFERRQWPAEVSFIQAAARAGEAAIAAAGIDRARIGVVIDTSVSRARLEPSSAVSVHHLLDLPPNCLNFDVSNACLGFVTGLHLAGALIDSGQIDYALIVDGEGTREIYDRTIDRLNERGEGLPDLLANFATFTLGSGAAAMVLGRHSAHPEGHQLLDGFFRAETRHHELCIGTIDGGVTDSRALLEAGIELAGAAWAQAGATAAWGSRDRYIFHQVSEVHTKAMIRTLGVDPAKVPTTFARYGNIGPAAIPITLATVADELSPGDIVLCMGIGSGLNVGVIELRW
WP_079726385.1_Okibacterium_fritillariae,MDGNATTTHSNVALLSVATTIAPRITTSEDIDSRLQPVLKKLKLPQGLLQRVAGVLERRNWDEGQNFDDAAVEAGKKALAEAGIEPSQIGLIINTSVTRKHLEPSVAVRIHNGLGLPSSAINFDIANACLGFVNGMSLAAQLIESGQIKYAMIVDGEDADEIQVNTIERLSKGGIGRKEFMSEFASLTLGSGAAAAVIGPADLHPEGHRILGGVTRAATQFNELCVGSVDGMFTDAKALLKGGMELVVSAWKEAKRDWNWSSMDRYILHQVSEVHTNAIVKAAHIDRSKVPVTYPHYGNVGPASIPITLEAEKETLKKGDRVLLMGVGSGLNTAMMEIAW
WP_005508112.1_Rothia_mucilaginosa,MLNASADKVGTNSDIRHANAALLSITHELPPDVVTSDYFDEQLAQTYKRLRMPKGLLERLAGISTRRGWAEGQTFEDGVVAAAEKAIAEAGIDRSQIGLLINASVTRDNFEPAVSVGVHDRLELPRHALNFDITNACLGFVNAMTVASTMIDAGAIDYALIVAGEDPSPWHRTAVRILNNPDSTREDVLAQFATLTLGSGAAAAVIGRADRHPEGHRIVGSVSRAGTEHRNLCIGGEADQGMNTDAEGLLKHGLELVAQAWEQAHQDGWEWNDMTSYVTHQISNAHTNAIIEAVGIERERIPLTFPKWGNVAAAALPMTLAECAPTYTEGDRILCMGVGSGLNTALLEIQW
WP_012868615.1_Sanguibacter_keddieii,MNGNATSKHQNVALLSVATVVPDVVTTSDEMDNRLADTLKRLRMPRGLLQRVAGVHERRRWAADQSFESAAIAAGEKALAEAGISASDIGLIINTSVTRPHLEPSVAVRMHHGLGLPSSAMNFDIANACLGFINGMNVAAHMIDSGQIRYAMIIDGEDADEVNDNTIDRLNRPETKRSDFMNEFASLTLGSGAAAAILGPADSHPSGHRILGGVTRAATQFHDVCVGSVNGMYTDTKALLKGGMELVVAAWQEAKESWSWTAMDRYVMHQVSDVHTSAIVKAAKLDRSKVPTTYPRYGNVGPASIPITLAEQSSTLAPGDRVLLMGVGSGLNTSMMEITW
WP_061782733.1_Shewanella_putrefaciens,MKYSRVFINSLAYELALVVVSSSELESRLAPLYQKFRIPMGQLAALTGITERRWWPKGHQLSDGAINAARKAIAETGINVADLGVVVYTGVCRDQHEPATACRIAAELGVSKDTAIYDISNACLGVLSGILDIANRIELGQIKAGMVVSCESARDIVDVTIDNMLASPTMQNFAQSLATLAGGSGAVAVILTDGSLPLTNVRKHQLLGASHLSAPEHHQLCQWGLQEVGHNLYREFMRTDAVTLLKEGVELAKHTWEHFLEQRNWLVEQVDKVICHQVGASNRKQVLSALNIPPEKEFPTYQLLGNMGTVSLPVTAAMAHDEGFLQAGDQVSFLGIGSGLNCMMLGIKW
CVN04163.1_Streptococcus_pneumoniae,MSAPSPTPRRLVLVTNVSGNASYEYSRAALLAVTEVEAPVEVTSQDLDDQLAEVLTRLRLPGSLLERVAGVRSRRNWDETEDFQEAAARAGVAALEQAGVPRERVGLLVNTSVTRATLEPSVAVRIHHLMGLPTSATNFDITNACLGFVNGLMLASTLVDAGQIDYAVVVAAEDASKVQAATVANLHAETTHRGNFMEQFASLTLGSGAAAAVVGRIEDHPDAHRIVRGITRAGTDHHGLCVGDHHGMYTDSTALLKDGLELVMDAWHDVPAEWAWPEADRFITHQVSQMHTDAIAESAHLDPARIPTTFPTLGNVGPASLPITLVREMDALEDGDTVVCLGVGSGLNTAMLEIEW
WP_053141838.1_Streptomyces_ambofaciens,MSEAIRARIAAVCAHLPSRYRTLDETRAKITETGGYAPPPGLLEDLTGVRGVHVHEDGENSSDLAVAAARSALEQAGLKIRDVDLLLFASTSQDLIEPATAHLVATKLGASCPVFDVKNACNSFLNGMEVAASFIETGRYRTVLIACGEPATLATRWHLPTREDLLRALPGYTASDAGAAMVLTAGPAGDGDPGILSLRFVSNSPAWEACTVAGGGSMHHLSVHDDHTTLRLNGDLWQSALDVLPRIMDTAGEEFRAAQAGAVSFIAFHQIAMPQYREVIDLFSLPEDRCMPAVAEHGNCAAASLPLQLAKAREADRIEGGDLVAMIGLASGFSFGLALVRW
WP_010983715.1_Streptomyces_avermitilis,MRFENDLYIASTASWLPDLVPMEEAIAAGLVDDEHRNLGYESIAVADGVAGPEMAVRAGRLALERAVGIERDEVGLVLHSSCGFQGHEMWPAAAYVANETVGRAAPGFDLQQRCNAGLGSLCLAAGYIDAGFTSAVLLTTGDNFAPPWVDRWNVQLNLVFADGGTALVLSGRKGFARVVSATLGADNSLERWNRGTTPFATAPGLEMPLRLRERGLQHAATPEAEGSWERIEAALMDTTRRALAEAQVSVEDISRVVTPLIHRGVWPENYDVLGFTEKQSTWDLGRLVGHIGAGDQFLGLEHLVKERAVGPGDLVLLVAAGAGFSLSAAVVEILDVPPW
WP_068469535.1_Kocuria_varians_strain_G6,MTGNSTITNRNVAILSVTKTEADVVIPSTRFDEELAETFRRLRMPKGLLERLAGIKERRGWAPGRHFTDGATEAGEAALAESGVRPEQIGLFVNASVTRDNYEPAVAVGIHERLGLPSSALNFDMTNACLGFVNALTVAASMIDAGAIEYALVVAGEDPSPWHKAAVERLRADDITREQVVQEFATLTLGCGAAAAVVGPADRHPDGHRIVGSVTRAGTEFNHLCIGGDDGMFTDATGLLNHGVGLVVEAWHEAEQDGWDWREMDSYVTHQVSNSHTNKLIEDMGLDATKVPLTFPYWGNVAAAALPMTLALEAERLEPGARVLCLGVGSGLNTTLMEIAW
WP_115933252.1_Citricoccus_muralis,MVQGNATFRHSNASLLSVTEVLAPVTVTSAQLDEELADVLKGLRLPKGLLPRVAGVNARRNWEHPGHFQLGAAEAGRQALEKAGVRPDQIGLMVNTSVTRETLEPSVAVRIHHEMGLPTSATNFDITNACLGFVNGITLAASMIDSGQVDYAVVVAGEDSVKVQQATLENLKQDGVDRTNFMEQFASLTLGSGAAAAIIGRTDQHPEGHRIVRGITRAGTDHHDLCVGDHKGMFTDSTALLKDGLELVMDAWNDVPADWGWATMDRYVTHQVSRLHTDSITEATGLDPSLFPVTFPELGNVGPASLPITLAREVDQLSAGDKVLCMGVGSGLNTAMLEIAW
ABL00697.1_Pelobacter_propionicus_DSM_2379,MKYRAVTLESFGYQLAPVVVSTSDLEARLEPLYRQLRIAPGQLQAMTGIRERRWWEPGYPLSQGAIAAARKALAASAVPVDQIGALIYAGVCREQFEPATACRVAHGLGIGGQAAVFDISNACLGVLNGMLDLANRIELGQIRAGMVVSCESAREINEIMIERMLKERRMEHFASSLATLTGGSGAVAVLLTDGSFSGAQRRKLLGGVCLSAPEHHQFCLWGMAPDGRGGYQQVMSTDGVNVMNHGVELGKRTWNAFLPHLGWSAEQVDQVICHQVGSAHQNAILKTLGISADQDFTTYEYLGNMGTVSLPLTAALAAERDILLTGDRVALLGIGSGLNCLMLGVEW
WP_130552392.1_Pseudoxanthomonas_ï»_p._NML171200,MLFQNVSIAGLAHVDAPHVLTSKEINARLQPTFDRLGIRTDVLNDVAGVHARRLWDDEVQSSDAATLAAKKALADAGIGAERLGLLVNTSVSRDFLEPSTASIVSGNLGVGDHCMAFDVANACLAFINGMDIAARMIERGEIEYALVVDGETANLVYEKTLERMTSPTVTEAEFRDELAALTLGCGSVAMVMARRELVPDAPVYKGGVTRSATEWNKLCRGNLDRMVTDTKMLLIEGMKLAQKTFVAARQVLGWAVDEIDQFIIHQVSQPHTQAFIKTFGIDPKKVMTIFGEHGNIGPASVPIVLSKLKELGRLKKGDRIALLGIGSGLNCTMAEVVW
WP_117315975.1_Chromatocurvus_halotolerans,MHFKNVVIQAPVAVNAPVSLSSQEIAQRLKPTMDRLGIRENLLAEISGIESRGLWDEHTSPSDAATLAAEEAIARSGIDRSRIGLVINTSVSRDFLEPSTACMVHGNLGLAPDCLNFDVANACLGFLNGMDIAARMLERAEVDYALIVDGESSRPLIEATIARLLSPEVEEAQFRAEFASLTLGSGSAAMIMARRELAPDGHSYRGSVTRAATRFNKLCQGNMDRMQTDTRGLLGAGLELAAETFAEARKSFGWAPDELDQFVIHQVSKVHTESLVQLLGLDPVKVHTIYPHMGNVGPASVPIVLSRVAEAGKLDTGSRVALLGIGSGLNCSMAEVVW
WP_056164922.1_Leifsonia_ï»_p._Leaf325,MSLDGNATTTHRNVALLSVASTMAERVTTSEEIDSRLAPVLKRLKLPTGLLQRVAGVRERRNWEEGATFDDAAISAGKRAMAEAGIRPDQVGLLINTSVTRPHLEPSVAVRIHHGLGLPTSAINFDITNACLGFVNGMTLASGLIDSGQIDYAIIVDGEDADQIQINTIERLGREGINRKQFMSEFASLTLGSGAAAAVLGRADQHPEAHRILGGITRAATQFNELCVGSVDGMFTDAKALLRGGMELVTSAWKDALKTWDWKSMDRYIMHQVSDVHTDAIVKAVGLDRSRVPLTYPTLGNVGPASIPITLAEQASTLKRGDRVLLMGVGSGLNTSMMELAW
WP_086472704.1_Plantibacter_sp._VKM_Ac-1784,MVTGNATTRFDNVAMLSVASTLPSAVVTSVEIEEGLAAAMKRARLPKGILRRVAGVVERRHWGPDENSDDATVSAGRRALAEAGISPSQIGLMINTSVTRQHLEPSVAVRIHDGLGLPSSAINFDIANACLGFVTGMTMAAAMIESGQIEYALIVNGEDASEVHANTIERLSGSTIDRDDFMSEFASLTLGSGAAAAVIGPADRHPEGHRILGGVTRAATEFNHLCVGSVDGMFTDARALLKGGLDLVVSAWKEAAGDSWRWSKMDRYITHQVSSIHTDSMVKAASLDRSRVPVTYPYLGNVGPASIPITLADQQSTLNKGDRVLLMGVGSGLNTGLMELAW
WP_070193933.1_Humibacillus_sp._DSM_29435,MSGNATYRHTNAAVLSVCAVDAPVVVTSDDFDRQLLSTYERVGLKPGMLAKLAGIHERRWWPEGVSFTEGAATAGAKALAEAGVDPSRVGLMVNTSVSREHLEPSVAVEIHHNMGMPTSCINFDLANACLGFVNGMQLAASMIDSGQIDYAVIVNGESSRHTQEVTIERLAGPDATAEDVMSQFATLTLGSGAAAMVLGRADLHPEGHRIVGGVTRAGTEHHNLCVGDLEWMRTDTRGLLDAGIALASDTWNDAKAEFEWSNMDRYVAHQISQVHTKAMCKALDIPADRLPLTFPTRGNMGPAAIAFTLATQVDSLSPGDRVVLLGVGSGLNVSCLEIAW
WP_106091803.1_Enhygromyxa_salina_strain_SWB007,MRFDHVSICSVAHVDAPDRVTSAELERRLAGTMKRLHVPTGLLESLTGITARRMWPEGTQPSDAATLAASRALAAADLDPQRVGALINTSVCRDYVEPSTACLVHAKLGLAPTCINFDVGNACLGFLNGMEIIGNMIERGQLDYGLVVDGESSRYVVDQTIARLSSDTADQAAFWANFATLTLGSAGVAMVLTRSDLAPNGHRFLGGVTVAATEHSDLCRGQVDRMETNSGDLLNTGLELAQRTWAAAQRELGWSPGSLDEYVIHQVSKVHTDKFRAAFEIDPQRLLATYPEYGNVGPAGVPLVLSKAAELGRLRAGDRVALMGIGSGLNCAMAEVVW
WP_033420292.1_Nesterenkonia_alba,MQKRSEGNTTFHHRNAALLSVAEVEAPLVLTSKDLDKRLADALKRLKLPSGLLQRVAGVKARRNWRSDDEVRAGTVEAGRRALEAAGVSTEDISVMINTSVTREHLEPSVAVGVHHELGLPSSAMNFDITNACLGFVNAMTLAATMIDAGQARYVLIVNGEDARKVQDATVERINALEEVSRQDFMTEFASLTLGCGAAAAVIGPADEHPEGHRIVGGVTRAATQHHELCVGDHRGMFTDARGLLDGGLELVMNAWEDAKKHFSWQSMDAYVTHQVSQLHTSSIIKAAKLDKKKVPVTYPELGNVGPASLPITLAREAKNLVTGSRVLCMGVGSGLNTAMVEIEW
WP_096909276.1_Halobacteriovorax_marinus_ï»_train_BE01,MKYTKVAIHSFDYLEPDEFLTSDDIETKLAPVYKRLNLPAGRLELMTGIKSRGLWANGMRPSELSTRAAERVLEKSGIDRNEIGLLIHASVCRDFLEPSTASVVHHNLELNEDAMIYDLSNACLGVVNAMAMASNMIELGQIKYALIVSGENGGPLLTQTIEHLNNDETLTRKSIKKYIANLTIGSAAVAYLLCDSSLAPDAPRILGGAVSTDSSANILCQGDGDTTSLMMETDSEELLKHGLELAKKNWNKTKQELSLENKDIDWVVGHQVGTAHETLTMKAMELQDHKTFTTYETLGNTGSAALPITLAKLSEKQKIKKGEKVALLGIGSGLTSIMLGVQW
WP_058859095.1_Kocuria_flava,MTGNSTMRHRNAALLAITKVEADEVVPSSQADEVLAGTFERLRMPKGLLERLAGVKERREWAPGRHFTDGAVEAGQAALEQAGVRPEQVGLLINASVTRDGYEPAVSVSVHHRLGLPSSALNFDVTNACLGFVNGLTIAATMIDAGAIDYAVVVAGEDPRPWHRETYERLQAPGVTRADVVREFATLTLGCGAAAAVVGPADRHPEGHRVAGSVTRSATEHHGLCIGGFDGMFTDATGLLKHGVGLLEQAWNDAHADGWDWQEMDRYIGHQVSMSHTNKLFADVGIDPDRFPVTFPFWGNVAAAALPMTLALEAESLGAGDRVLLLGVGSGLNATYMEIDW
WP_101686474.1_Dermabacter_hominis,MIPNTAFDHKNAAILSVSAVEAQVPVTSDSIDEMLSPARKRLRLPKGTLQRVAGVYERRWWKDPENGWKQGAVIAAERAMASAGITREDVGVLINASVSRQHLEPAMSAHIHAALGMPASCMNFDITNACLGFVNAMTLAAGLIDAGQIDYALIVGAEDVEEVQRRTIARLNDKNSTRQDFNNQFASLTLGSGAAAAVVGRFDKHPDGHRIVHTQTRAGTEHHELCIGNMDDMRTDTAGLLENGLELVTQTWRAAEESGRNYSNKQWYITHQVSMVYTRAFAKAMGINPEIIPVTFPELGNIAAEAVPLTLALNQDRFAKGDELLLLGVGSGLNTAMMEVQW
WP_126985334.1_Brachybacterium_paraconglomeratum,MGNGNTGIVHSNTSLLAVEGTLPQVTVTSDEIDEMLAPARKRLRLPKGVLQRVAGVYERKWWRDRENGWKQGVVLAAERAMAKAGIMRDQVGLLINASVSRKHLEPAVSTGIHHSLGLPPACMNFDITNACLGFVNAMTMAAGMIDSGQIKYALIVGAEDVEQVQRGTIERLNAKGSTRADFNNQFASLTLGSGAAAAVLGPADVHPEGHRLKVTQARSGTEHHELCVANMDDMRTDSNGLLENGINLIVDTWKAANESGLDFRSIDYVIPHQVSMVYTRNFSKITGVGMERIPVTFPDWGNIAAEAVPMTLAHIQDDIERGQRVLLMGVGSGLNTAMMEVQW
OGN97459.1_Chloroflexi_bacterium_RBG_13_51_36,MQYRKVCVESFGYELPENIVTSVSLEEKLAPIYGKFNLSYGRLEMMTGIRERRFWDDGATPSQASIRAAEKAIAKSGVKKEDIGCLLHTSVSRDFLEPATATVVHDSLGLPPTATIFDISNACLGFINGMVTLANMIELGQIKAGIVVGCESSRPMVNATIDRLLRDPDITRDKLKLAFPTFTLGSGAVAAVLTHSSLSQDGHKLLGGVTRAASQHNGLCRIEADVSFLDLAELPNMHTDYDGVLKNGLRLAPDTWKDTKQEIGWNDSDISRFFTHQVSAVHSKLLFQALGLDATKDFSTVEYLGNIGSVSLPITMAIGIERGYLKPGDKAAMLGIGSGLVCLMLGLQW
WP_104244666.1_Subtercola_sp._Z020,MTNSNATFRHQNSALLAVKARLAPLVVTSEEIDVRLADALTRLRLPTGLLQRVAGVISRRNWDDTTTFDEAAAGAASEALKEANVDPQDVGLLINTSVTRKHLEPSVAVGIHHALGLPSSAMNFDITNACLGFVNGMTLASQMIDSGQIKYAVIVDGEDSNEIQANTIARLSQPGISRKDFVNEFASLTLGSGAAAAVLGPADAHPEGHRIMGGISRAGTEHHLLCVGDKDGMFTHTKELLAGGMALVVEAWKEAKGSWDWQKMDRYILHQVSDVHTDSIVKAAKLDRKRIPLTYPSLGNVGPASLPMTLALEASKLVKGNRVLCMGVGSGINTAMTEIVW
WP_022969495.1_Arenimonas_oryziterrae,MLFTHVAIAGLAHIDAPHALSSADINARLQPTMDRLGIKTDVLQDIAGIFSRRMWDDETQSSDAATMAAEKALLDANVPRDKIGLLVNTSVSRDFLEPSTASIVSGNLGLGENCQNFDVANACLAFLNGMDIASRMIERGDIEYALVVDGETANLVYEKTLTRLSDPNVTEEQFRNELASLTLGCGAAAMVLARAELVPDAPRYKGGVTKAATQWNTLCRGNLDRMVTDTRMLLIEGLKLAQKTFVAARLALGWAVEEMDQFVIHQVSRVHTEAFIKAFGIDPAKVLTIFNEHGNIGPASVPIVLSKLKEMGRLKKGNRIALLGIGSGLNCSMAEVVW
WP_114959563.1_Thermomonas_haemolytica,MLFHHVAIAGLAHIDAPRRLTSEEINARLKPTLDRLGIRVDVLGDVAGVHARRLWDGDVQASDAATLAGVKALADAGIDPDKVGLLVNTSVSRDFLEPSTASIVSGNLGLPDTCQNFDVANACLAFINGMDIAARMIERGEIEYALVVDGETANLAYEKTLERMTRADVTEEDFKNELATLTLGSGAAAMVLARAELAPGAPRYKGGVTRAATEWNKLCRGNIDGMITDTRMLLVEGIKLATKTFEVAKQKLGWVASELDEFVIHQVSKVHTAAFTKAMGIDPKKVMTIFAEHGNIGPASVPIVLSKLREMGRLKKGSRVALLGIGSGLNCSMAEVEW
WP_028771085.1_Silanimonas_lenta,MLFQHVSIAGLAHLDAPHTLSSEEINRRLKPTLDRLGIKTDVLREVAGINARRLWDDGKPTADAATEVARKAIAEAGIEPGKIGILINTSVSRDFLEPSVASIVSGQLGLPDTCQNFDVANACLAFINGMDIAGRMIERGEVDYALIVNAENANVVYEKTIERLNREGITHEEFRNEFASLTLGCGAAAMVLARRELVPDAPQYKGGVTRAATQWSHLCRGNLDRMVTDTKLLLIEGIKLAQLTFAAAKQALGWAVEEMDEFVIHQISRAHTEAFLKTFGIDPKKVLTIFHEHGNIGPASVPIVLSKLKEMGRLKKGKRIALLGIGSGLNCSMAEVVW
WP_116651321.1_Wenzhouxiangella_sediminis,MLFDNVVIKSVASVDAPHTVTSEEIRERLAPTFKKLRLRGNPLIDLAGIEERRFWDEGVLPSQAATMAAEKALARADIDPDRVGILINTSVSRDFLEPSTACMVHGNLKLPNTCESFDVGNACLAFINGMNIAAHMLDRGEIDYALIVNAENSREINEITINRLLEPKVTRKQFKSEFASLTLGCGAAAMIMSRGDLEPDGHQYKGGVSRAATEFNNLCRGWNHQMWTDTKSLLREGMKLAGATYSTARQVLGWVANELDHVVIHQVSRVHTEAFIRAFGVQPERVYRIFPKFGNIGPASIPTVLSKIVDENRIQRGDKVALMGIGSGLNCCMAEVIW
WP_003480168.1_Xanthomonas_translucens_ï»_v._graminis,MLFNNVSIAGLAHIDAPHTLTSKQINERLQPTYDRLGIRTDVLGDVAGIHARRMWDADMQASDAATLAARKAMTDAGITAGQVGLLVNTSVSRDYLEPSTASIVSGNLGVGEECVTFDVANACLAFINGMDIAARMIERGEVDYALVVDGETANLVYEKTLERMTSPDVTAQEFRDELAALTLGCGAAAMVMARAELVPDAPRYRGGVTRSATEWNTLCRGNLDRMVTDTRMLLIEGLKLAQKTFVAAMQALGWVVDELDQFVIHQVSLPHTQAFIKNFGIDPKKVMTIFGEHGNIGPASVPIVLSKLRELGRLKKGDRIALMGIGSGLNCSMAEVVW
WP_053234550.1_Sandaracinus_amylolyticus,MLFSSVSVASVAYVDAPHRVSSRELEDRLSPLLKRLGLAPGIIASLSGVQARRFWDEGVQPSEVAAQAGEKAIVASGIDRARIGVLVNTSVCRDFVEPSTASIVHRHLGLSPRCRNFDLANACLGFLDGMELVAAMIERGAIDAALVVDGEGSRFAVEKTIDRLNASGDARALGEEFATLTLGSGAAAMVLCRRDLAPAAHAFRGGVSLAATDWNHLCRGHADRMVTDAQKLLTQGLDLASKTFELARTELGWSPDVLDEVVIHQVSRQHTEKLAAQLGVAPAKIHAIFPEHGNVGPASVPMVLAKAAEIGRLRSGMRVALMGIGSGLNCAMAEIVW
WP_119951226.1_Frankiales_bacterium_YIM_75000,MPNAGQRYSDVVISGLAHLDAPQVLTSEAIEDRLAPAMKRLGVGRGLLGRLVGISQRRVWDEGTPPSDPAAEAGRRAIERSGVPAEQLGMLVNTSVSRDFLEPSTASIVHGKLGLPTTAMNFDLGNACLGFVNGMNLVSTMIERGEIDHGIVVNAESSRFVVESTIERLLTKGTPEVLREQFATLTLGSGAVAMVLSRKGTVDDGHAYLGGLSRASTQHAHLCTGHAHEMLTDLRGLLDAGIELGHLTWKEAVDAYGWDPDGFDLYALHQVSLVHTRAVCDTLGIDPQRVPLIFPEHGNMGPASVPYVLSKAAEEGRLRRGDKAVLMGIGSGLNACAAEVHW
WP_101620581.1_Brevibacterium_antiquum,MANGNATFRHSNVALLGLTEILAPNVVTSQEFDERLADTLSTLNLPTGLLQRVAGVNARRNWDEPSQFADGAIAAGKKALAEAGVSPDSIGLMVNTSVTREHLEPSVAVGVHAGIGLGSRAMNFDIANACLGFVNGMTLAANMIDAGQIEYALVVAGEDASRVQEATLRRLTRPGISREEYLNEFASLTLGSGASAAVLGPADKHPNGHRILGGITRAATQHHELCVGDHNGMFTDTKGLLAGGMELVVAAWEEAHEDGWDWREMDRYIMHQVSDVHVNSITKAANLDPDRIPVTYPELGNVGPASLPITLSREASHLKRGDRILCMGVGSGLNTAMTEIEW
WP_100422947.1_Sediminihabitans_luteus,MVHQNVALLALATTLPDDVTTSDEIDERLGETLRRLRVPRRMLQRVAGVHERRRWAKDQSFVSAAVAAGEKALAEAGVAPSEVGLIINTSVTRPHLEPSVAVRMHDGLGLPSSAMNFDIANACLGFVNGMTVAASMIDAGQIRYAIVIDGEDADEMQDRTIERLSRPTTTREDFMNEFASLTLGSGAAAVVLGPADAHPVGHRILGGVTRAATQFHEVCVGSVDGMITDTKALLKGGMELVVAAWKDAREHFSWSSMDRYILHQVSDVHTDAIVKAARLDRSKVPLTYPRHGNVGPASIPITLAEQAPSLAPGDRVLLMGVGSGLNTSMMEIAW